Year,Team,G,MP,FG,FGA,FG%,3P,3PA,3P%,2P,2PA,2P%,FT,FTA,FT%,ORB,DRB,TRB,AST,STL,BLK,TOV,PF,PTS,W,L,W/L%,GB,PS/G,PA/G,SRS
2012,Denver Nuggets,66,243.0,39.0,81.9,.476,6.6,19.9,.332,32.4,62.0,.522,19.6,26.7,.735,11.2,31.9,43.1,24.0,8.2,5.0,15.4,19.7,104.1,38,28,.576,9.0,104.1,101.2,3.16
2012,San Antonio Spurs,66,241.5,39.6,82.8,.478,8.4,21.3,.393,31.2,61.5,.507,16.2,21.6,.748,10.3,32.6,43.0,23.2,7.4,4.4,13.6,17.3,103.7,50,16,.758,—,103.7,96.5,7.28
2012,Oklahoma City Thunder,66,242.3,37.3,79.2,.471,7.2,20.0,.358,30.2,59.3,.509,21.3,26.4,.806,11.0,32.7,43.7,18.5,7.5,8.2,16.3,20.5,103.1,47,19,.712,—,103.1,96.9,6.44
2012,Utah Jazz,66,244.9,38.2,83.8,.456,4.1,12.8,.323,34.1,71.0,.480,19.1,25.3,.754,13.0,31.1,44.2,21.8,8.3,5.8,14.2,21.8,99.7,36,30,.545,11.0,99.7,99.0,0.92
2012,Milwaukee Bucks,66,240.4,37.9,85.6,.443,6.6,19.2,.345,31.3,66.5,.471,16.6,21.4,.774,12.4,30.0,42.5,23.5,8.3,5.1,14.1,19.3,99.0,31,35,.470,19.0,99.0,98.7,-0.23
2012,Sacramento Kings,66,241.1,37.7,86.5,.436,6.2,19.7,.316,31.5,66.8,.471,17.1,23.2,.736,13.4,29.5,42.9,19.3,8.5,4.9,14.4,19.5,98.8,22,44,.333,19.0,98.8,104.4,-4.95
2012,Miami Heat,66,243.0,37.1,79.0,.469,5.6,15.6,.359,31.5,63.4,.496,18.8,24.2,.775,10.4,31.2,41.6,20.0,8.9,5.4,15.2,19.4,98.5,46,20,.697,—,98.5,92.5,5.72
2012,Phoenix Suns,66,240.0,37.8,82.5,.458,6.7,19.6,.343,31.1,62.9,.494,16.0,21.2,.757,10.9,30.8,41.7,22.5,6.5,5.5,14.1,18.7,98.4,33,33,.500,8.0,98.4,98.6,0.29
2012,Houston Rockets,66,243.4,37.7,84.0,.449,7.2,20.2,.359,30.5,63.8,.477,15.4,19.7,.782,11.7,30.5,42.2,21.3,7.5,4.8,14.5,20.4,98.1,34,32,.515,16.0,98.1,97.9,0.57
2012,Minnesota Timberwolves,66,241.5,35.7,82.3,.433,7.2,21.6,.332,28.5,60.8,.469,19.4,25.2,.771,12.1,31.7,43.7,19.5,6.6,4.4,15.2,18.4,97.9,26,40,.394,21.0,97.9,100.1,-1.83
2012,New York Knicks,66,241.5,35.8,80.8,.443,7.8,23.3,.336,28.0,57.5,.487,18.3,24.8,.741,11.3,30.5,41.7,20.1,9.4,4.2,16.0,21.1,97.8,36,30,.545,3.0,97.8,94.7,2.39
2012,Golden State Warriors,66,241.1,37.7,82.5,.457,7.9,20.5,.388,29.8,62.0,.480,14.4,18.7,.770,9.7,29.5,39.2,22.3,8.0,5.5,13.9,21.4,97.8,23,43,.348,18.0,97.8,101.2,-2.79
2012,Indiana Pacers,66,242.3,35.7,81.4,.438,5.9,16.1,.368,29.7,65.3,.455,20.4,26.1,.782,12.5,31.4,43.9,18.6,7.9,5.4,14.0,21.7,97.7,42,24,.636,8.0,97.7,94.4,2.60
2012,Los Angeles Clippers,66,241.9,37.0,81.3,.455,7.8,21.8,.357,29.2,59.5,.490,15.8,23.3,.680,12.1,29.4,41.6,21.0,8.4,4.8,13.3,21.2,97.5,40,26,.606,1.0,97.5,95.0,2.82
2012,Los Angeles Lakers,66,243.4,36.8,80.6,.457,5.5,16.8,.326,31.3,63.7,.491,18.2,24.1,.756,12.1,34.1,46.2,22.5,5.9,5.3,15.1,16.8,97.3,41,25,.621,—,97.3,95.9,1.96
2012,Portland Trail Blazers,66,241.9,36.4,82.1,.443,7.2,20.9,.346,29.2,61.1,.477,17.2,21.6,.796,11.1,29.5,40.7,20.4,8.0,4.9,14.2,19.0,97.2,28,38,.424,19.0,97.2,97.8,-0.22
2012,Atlanta Hawks,66,244.9,36.8,81.0,.454,7.5,20.2,.370,29.3,60.9,.482,15.5,21.0,.740,9.9,31.3,41.2,22.4,8.1,4.6,14.0,17.8,96.6,40,26,.606,6.0,96.6,93.2,2.67
2012,Chicago Bulls,66,241.5,37.4,82.8,.452,6.3,16.9,.375,31.0,65.8,.471,15.2,21.1,.722,13.9,32.8,46.7,23.1,6.9,5.9,14.0,17.3,96.3,50,16,.758,—,96.3,88.2,7.43
2012,Dallas Mavericks,66,243.4,36.3,82.0,.443,7.5,22.2,.339,28.8,59.8,.482,15.6,20.2,.771,10.1,32.7,42.8,20.9,8.6,5.1,14.0,18.6,95.8,36,30,.545,14.0,95.8,94.8,1.78
2012,Memphis Grizzlies,66,241.5,36.7,82.2,.447,4.2,12.9,.326,32.5,69.3,.470,17.3,22.8,.759,12.6,29.5,42.0,19.5,9.6,5.2,14.5,19.9,95.0,41,25,.621,9.0,95.0,93.0,2.43
2012,Orlando Magic,66,241.9,34.5,78.2,.441,10.2,27.0,.375,24.3,51.2,.475,15.1,22.8,.660,11.2,31.2,42.5,20.0,6.8,4.2,14.9,17.7,94.2,37,29,.561,9.0,94.2,93.4,0.46
2012,Washington Wizards,66,240.4,36.6,83.0,.441,5.2,16.3,.320,31.4,66.7,.470,15.3,21.0,.727,11.7,29.9,41.7,19.1,8.0,6.3,15.3,21.3,93.6,20,46,.303,26.0,93.6,98.4,-5.14
2012,Philadelphia 76ers,66,241.1,37.4,83.6,.448,5.3,14.6,.362,32.2,69.0,.466,13.5,18.2,.742,10.7,32.5,43.2,22.0,8.0,5.2,11.2,17.5,93.6,35,31,.530,4.0,93.6,89.4,3.59
2012,New Jersey Nets,66,240.8,34.3,80.6,.425,7.7,22.4,.342,26.6,58.2,.457,16.9,21.7,.777,11.9,28.5,40.3,19.9,7.5,3.9,15.1,19.2,93.1,22,44,.333,17.0,93.1,99.1,-6.37
2012,Cleveland Cavaliers,66,241.9,34.3,81.2,.422,6.7,19.3,.346,27.6,61.9,.446,17.8,24.9,.716,12.7,29.5,42.3,19.8,7.1,4.0,15.4,20.0,93.0,21,45,.318,29.0,93.0,100.2,-7.34
2012,Boston Celtics,66,241.5,35.5,77.1,.460,5.5,15.0,.367,30.0,62.1,.483,15.4,19.8,.778,7.7,31.1,38.8,23.6,7.5,5.5,14.8,19.9,91.8,39,27,.591,—,91.8,89.3,2.26
2012,Detroit Pistons,66,241.9,34.7,79.3,.438,4.8,13.9,.346,29.9,65.4,.457,16.6,22.1,.752,11.7,28.5,40.3,18.7,7.0,4.2,15.7,19.6,90.9,25,41,.379,25.0,90.9,95.7,-5.19
2012,Toronto Raptors,66,241.9,34.4,78.1,.440,5.5,16.3,.340,28.8,61.8,.467,16.4,21.4,.770,10.6,31.4,42.0,20.9,6.5,4.9,15.2,23.2,90.7,23,43,.348,16.0,90.7,94.0,-3.67
2012,New Orleans Hornets,66,241.5,34.8,77.3,.451,3.9,11.8,.333,30.9,65.5,.472,16.0,21.2,.757,11.0,30.2,41.1,20.7,7.4,4.8,15.5,20.1,89.6,21,45,.318,29.0,89.6,93.4,-3.11
2012,Charlotte Bobcats,66,240.8,33.2,80.2,.414,4.0,13.5,.295,29.2,66.7,.439,16.5,22.2,.746,10.3,28.7,39.0,20.1,6.0,5.5,14.5,18.9,87.0,7,59,.106,39.0,87.0,100.9,-13.96
2013,Denver Nuggets,82,242.7,40.7,85.2,.478,6.4,18.5,.343,34.4,66.6,.516,18.4,26.2,.701,13.3,31.7,45.0,24.4,9.3,6.5,15.3,20.5,106.1,57,25,.695,3.0,106.1,101.1,5.37
2013,Houston Rockets,82,241.2,38.1,82.7,.461,10.6,28.9,.366,27.5,53.8,.511,19.2,25.5,.754,11.1,32.3,43.4,23.2,8.3,4.4,16.4,20.3,106.0,45,37,.549,13.0,106.0,102.5,3.69
2013,Oklahoma City Thunder,82,241.8,38.1,79.3,.481,7.3,19.4,.377,30.8,60.0,.514,22.2,26.8,.828,10.4,33.2,43.6,21.4,8.3,7.6,15.3,20.2,105.7,60,22,.732,—,105.7,96.5,9.15
2013,San Antonio Spurs,82,242.4,39.1,81.4,.481,8.1,21.5,.376,31.1,59.9,.519,16.6,21.0,.791,8.1,33.2,41.3,25.1,8.5,5.4,14.7,17.4,103.0,58,24,.707,—,103.0,96.6,6.67
2013,Miami Heat,82,242.4,38.4,77.4,.496,8.7,22.1,.396,29.6,55.4,.536,17.4,23.0,.754,8.2,30.4,38.6,23.0,8.7,5.4,13.9,18.7,102.9,66,16,.805,—,102.9,95.0,7.03
2013,Los Angeles Lakers,82,240.9,37.1,81.0,.458,8.7,24.6,.355,28.4,56.4,.503,19.3,27.9,.692,11.5,33.3,44.8,22.2,7.0,5.2,15.0,17.9,102.2,45,37,.549,11.0,102.2,101.0,1.48
2013,Golden State Warriors,82,241.5,38.2,83.4,.458,8.0,19.9,.403,30.1,63.5,.475,16.8,21.3,.790,10.8,34.2,45.0,22.5,6.9,4.2,15.1,21.4,101.2,47,35,.573,9.0,101.2,100.3,1.32
2013,Dallas Mavericks,82,243.7,38.8,84.0,.462,7.4,19.9,.372,31.4,64.2,.489,16.1,20.4,.793,9.4,32.6,41.9,23.2,7.9,5.5,14.0,20.7,101.1,41,41,.500,17.0,101.1,101.7,-0.24
2013,Los Angeles Clippers,82,240.6,38.5,80.6,.478,7.6,21.4,.358,30.9,59.2,.522,16.4,23.0,.711,11.4,30.2,41.6,23.9,9.6,5.6,14.6,20.9,101.1,56,26,.683,—,101.1,94.6,6.43
2013,Sacramento Kings,82,241.8,37.6,84.2,.447,7.4,20.5,.363,30.2,63.7,.474,17.5,22.8,.769,11.5,29.1,40.6,20.8,8.2,4.2,14.6,20.9,100.2,28,54,.341,28.0,100.2,105.1,-4.26
2013,New York Knicks,82,240.6,36.5,81.6,.448,10.9,28.9,.376,25.7,52.7,.487,16.0,21.1,.759,10.9,29.7,40.6,19.3,8.2,3.6,12.0,20.1,100.0,54,28,.659,—,100.0,95.7,3.73
2013,Milwaukee Bucks,82,241.8,38.1,87.8,.435,7.3,20.4,.360,30.8,67.4,.457,15.3,20.7,.736,13.0,30.9,44.0,22.9,8.4,6.7,14.1,19.0,98.9,38,44,.463,11.5,98.9,100.4,-1.83
2013,Utah Jazz,82,242.4,37.1,81.8,.454,6.2,16.9,.366,31.0,64.9,.477,17.5,23.0,.764,12.1,30.0,42.0,22.7,8.4,6.3,14.8,21.3,98.0,43,39,.524,17.0,98.0,98.1,0.30
2013,Atlanta Hawks,82,242.1,37.6,81.0,.464,8.6,23.2,.371,29.0,57.8,.501,14.1,19.7,.715,9.2,31.6,40.9,24.5,8.1,4.5,14.9,18.0,98.0,44,38,.537,22.0,98.0,97.5,-0.08
2013,Portland Trail Blazers,82,242.1,36.7,81.9,.448,8.2,23.2,.353,28.5,58.7,.486,15.9,20.5,.776,10.7,30.2,40.8,21.8,6.6,4.3,14.7,18.5,97.5,33,49,.402,27.0,97.5,100.7,-2.53
2013,Toronto Raptors,82,243.7,36.3,81.5,.446,7.0,20.3,.343,29.4,61.2,.480,17.6,22.3,.788,10.6,29.6,40.2,21.5,7.3,4.8,13.7,22.4,97.2,34,48,.415,20.0,97.2,98.7,-1.96
2013,Brooklyn Nets,82,242.1,35.9,79.8,.450,7.7,21.5,.357,28.2,58.3,.484,17.5,23.9,.731,12.8,30.0,42.8,20.3,7.3,4.8,14.7,18.3,96.9,49,33,.598,5.0,96.9,95.1,1.25
2013,Cleveland Cavaliers,82,240.6,36.5,84.2,.434,6.7,19.3,.346,29.8,64.9,.460,16.8,22.3,.756,12.2,28.8,41.0,20.7,7.9,4.1,14.0,21.2,96.5,24,58,.293,25.5,96.5,101.2,-4.87
2013,Minnesota Timberwolves,82,240.6,35.9,81.7,.439,5.5,18.0,.305,30.4,63.7,.477,18.5,24.9,.742,11.9,30.2,42.0,22.4,8.5,4.7,14.8,18.4,95.7,31,51,.378,29.0,95.7,98.1,-1.83
2013,Boston Celtics,81,244.9,37.0,79.7,.465,6.1,17.2,.358,30.9,62.6,.494,16.3,21.0,.776,8.1,31.3,39.3,22.8,8.2,4.5,14.6,21.2,96.5,41,40,.506,12.5,96.5,96.7,-0.62
2013,Phoenix Suns,82,241.5,37.3,84.4,.443,5.9,17.7,.330,31.5,66.6,.473,14.7,19.7,.744,11.7,29.9,41.6,22.6,8.0,5.3,15.6,20.6,95.2,25,57,.305,31.0,95.2,101.6,-5.75
2013,Detroit Pistons,82,241.5,36.3,81.0,.449,6.3,17.6,.356,30.1,63.4,.474,15.9,22.8,.699,12.1,30.0,42.1,21.2,7.0,4.9,15.1,19.8,94.9,29,53,.354,20.5,94.9,98.8,-4.33
2013,Orlando Magic,82,241.2,37.7,84.2,.448,6.2,18.7,.329,31.5,65.5,.482,12.5,16.6,.755,10.9,31.9,42.7,22.8,6.4,4.4,14.5,19.4,94.1,20,62,.244,46.0,94.1,101.1,-7.12
2013,New Orleans Hornets,82,241.2,36.0,80.4,.448,6.5,18.0,.363,29.5,62.4,.473,15.5,20.0,.776,12.0,29.6,41.6,21.0,6.3,5.4,14.5,20.4,94.1,27,55,.329,31.0,94.1,97.9,-3.12
2013,Indiana Pacers,81,241.9,35.1,80.6,.436,6.9,19.7,.347,28.3,60.8,.465,17.6,23.6,.746,12.9,33.0,45.9,20.3,7.2,6.3,15.1,20.0,94.7,49,32,.605,—,94.7,90.7,3.34
2013,Charlotte Bobcats,82,241.5,34.4,81.1,.425,5.7,17.1,.335,28.7,64.0,.448,18.9,25.1,.750,11.2,29.1,40.3,19.4,7.2,5.8,14.1,19.0,93.4,21,61,.256,45.0,93.4,102.7,-9.29
2013,Memphis Grizzlies,82,241.5,36.1,81.5,.444,4.7,13.5,.345,31.5,68.0,.463,16.5,21.3,.773,12.9,29.8,42.7,20.9,8.6,5.3,14.0,20.2,93.4,56,26,.683,2.0,93.4,89.3,4.32
2013,Washington Wizards,82,242.1,35.5,81.6,.435,6.6,18.2,.365,28.8,63.4,.455,15.6,21.3,.733,10.8,32.3,43.2,21.6,7.3,4.6,15.1,20.5,93.2,29,53,.354,37.0,93.2,95.8,-2.78
2013,Chicago Bulls,82,241.8,35.7,81.7,.437,5.4,15.4,.353,30.2,66.3,.456,16.4,21.2,.773,12.5,30.7,43.2,23.0,7.2,5.1,14.3,19.7,93.2,45,37,.549,4.5,93.2,92.9,-0.02
2013,Philadelphia 76ers,82,240.9,37.3,84.1,.444,6.3,17.5,.360,31.0,66.5,.466,12.2,16.8,.729,10.9,30.4,41.3,22.8,7.4,4.7,13.0,18.4,93.2,34,48,.415,20.0,93.2,96.5,-3.51
2014,Los Angeles Clippers,82,240.9,39.1,82.5,.474,8.5,24.0,.352,30.7,58.5,.525,21.2,29.1,.730,10.5,32.5,43.0,24.6,8.6,4.8,13.9,21.5,107.9,57,25,.695,—,107.9,101.0,7.27
2014,Houston Rockets,82,241.8,38.0,80.5,.472,9.5,26.6,.358,28.5,54.0,.529,22.1,31.1,.712,11.2,34.1,45.3,21.4,7.6,5.6,16.1,20.4,107.7,54,28,.659,8.0,107.7,103.1,5.06
2014,Minnesota Timberwolves,82,242.1,38.9,87.5,.444,7.3,21.4,.341,31.6,66.1,.478,21.8,28.1,.778,12.5,32.2,44.7,23.9,8.8,3.6,13.9,18.3,106.9,40,42,.488,19.0,106.9,104.3,3.10
2014,Portland Trail Blazers,82,242.1,39.1,87.0,.450,9.4,25.3,.372,29.7,61.7,.481,19.1,23.5,.815,12.5,34.0,46.4,23.2,5.5,4.7,13.7,19.2,106.7,54,28,.659,5.0,106.7,102.8,4.44
2014,Oklahoma City Thunder,82,241.5,39.0,82.7,.471,8.1,22.4,.361,30.9,60.3,.512,20.2,25.0,.806,10.8,33.9,44.7,21.9,8.3,6.1,15.3,22.7,106.2,59,23,.720,—,106.2,99.8,6.66
2014,San Antonio Spurs,82,240.9,40.6,83.5,.486,8.5,21.4,.397,32.0,62.0,.517,15.7,20.0,.785,9.3,34.0,43.3,25.2,7.4,5.1,14.4,18.2,105.4,62,20,.756,—,105.4,97.6,8.00
2014,Phoenix Suns,82,240.9,38.7,83.5,.463,9.3,25.1,.372,29.4,58.4,.503,18.5,24.4,.758,11.3,31.7,43.0,19.1,8.4,4.6,15.3,21.9,105.2,48,34,.585,9.0,105.2,102.6,3.02
2014,Dallas Mavericks,82,241.8,39.6,83.6,.474,8.8,22.9,.384,30.8,60.7,.508,16.8,21.1,.795,10.2,30.7,40.9,23.6,8.6,4.3,13.5,20.0,104.8,49,33,.598,13.0,104.8,102.4,2.91
2014,Denver Nuggets,82,240.9,38.4,85.9,.447,8.6,23.9,.358,29.8,62.0,.481,19.1,26.3,.726,12.3,33.1,45.4,22.4,7.5,5.6,15.9,23.0,104.4,36,46,.439,23.0,104.4,106.5,-1.40
2014,Golden State Warriors,82,241.8,39.5,85.4,.462,9.4,24.8,.380,30.0,60.6,.496,15.9,21.1,.753,10.9,34.4,45.3,23.3,7.8,5.0,15.2,21.8,104.3,51,31,.622,6.0,104.3,99.5,5.15
2014,Los Angeles Lakers,82,240.3,38.3,85.1,.450,9.4,24.8,.381,28.8,60.3,.478,17.0,22.4,.757,9.1,32.0,41.0,24.5,7.5,5.4,15.1,19.8,103.0,27,55,.329,30.0,103.0,109.2,-5.33
2014,Miami Heat,82,242.4,38.3,76.5,.501,8.1,22.3,.364,30.2,54.2,.558,17.5,23.0,.760,7.6,29.2,36.9,22.5,8.9,4.5,14.8,19.5,102.2,54,28,.659,—,102.2,97.4,4.15
2014,Toronto Raptors,82,243.4,36.5,81.9,.445,8.7,23.4,.372,27.8,58.5,.475,19.6,25.1,.782,11.4,31.1,42.5,21.2,7.0,4.2,14.1,23.0,101.3,48,34,.585,—,101.3,98.0,2.55
2014,Detroit Pistons,82,241.2,38.8,86.9,.447,6.2,19.3,.321,32.6,67.6,.483,17.3,25.7,.670,14.6,30.8,45.4,20.9,8.4,4.8,14.5,20.3,101.0,29,53,.354,27.0,101.0,104.7,-4.13
2014,Atlanta Hawks,82,241.8,37.3,81.6,.458,9.4,25.8,.363,28.0,55.8,.502,17.0,21.7,.781,8.7,31.3,40.0,24.9,8.3,4.0,15.3,19.2,101.0,38,44,.463,16.0,101.0,101.5,-0.88
2014,Washington Wizards,82,244.6,38.7,84.4,.459,7.9,20.8,.380,30.9,63.6,.485,15.3,20.9,.731,10.8,31.4,42.2,23.3,8.1,4.6,14.7,20.4,100.7,44,38,.537,10.0,100.7,99.4,0.48
2014,Sacramento Kings,82,241.8,36.9,82.5,.447,6.0,18.0,.333,30.9,64.5,.479,20.7,27.3,.759,12.1,32.4,44.5,18.9,7.2,3.9,15.2,22.5,100.5,28,54,.341,29.0,100.5,103.4,-2.08
2014,New Orleans Pelicans,82,242.1,37.8,82.5,.459,5.9,15.9,.373,31.9,66.6,.479,18.2,23.6,.769,11.4,30.3,41.7,21.3,7.9,6.4,13.8,22.6,99.7,34,48,.415,28.0,99.7,102.4,-1.98
2014,Philadelphia 76ers,82,242.1,37.9,87.2,.435,7.0,22.5,.312,30.9,64.7,.477,16.6,23.4,.710,11.6,31.2,42.7,21.8,9.3,4.0,16.9,22.5,99.5,19,63,.232,29.0,99.5,109.9,-10.66
2014,New York Knicks,82,242.1,36.9,82.2,.449,9.3,24.9,.372,27.7,57.3,.482,15.5,20.4,.761,10.6,29.7,40.3,20.0,7.7,4.5,13.0,22.1,98.6,37,45,.451,11.0,98.6,99.4,-1.40
2014,Brooklyn Nets,82,242.4,35.7,77.9,.459,8.6,23.4,.369,27.1,54.5,.497,18.4,24.4,.753,8.8,29.4,38.1,20.9,8.6,3.8,14.5,21.7,98.5,44,38,.537,4.0,98.5,99.5,-1.58
2014,Cleveland Cavaliers,82,243.0,37.0,84.8,.437,7.1,20.0,.356,29.9,64.8,.461,17.0,22.7,.751,12.1,32.1,44.1,21.2,7.1,3.7,14.2,20.0,98.2,33,49,.402,23.0,98.2,101.5,-3.86
2014,Charlotte Bobcats,82,242.7,36.3,82.1,.442,6.3,17.9,.351,30.0,64.1,.468,18.0,24.4,.737,9.5,33.2,42.7,21.7,6.1,5.1,12.3,18.2,96.9,43,39,.524,11.0,96.9,97.1,-0.89
2014,Indiana Pacers,82,241.2,36.0,80.2,.449,6.7,18.8,.357,29.3,61.4,.477,18.1,23.3,.779,10.2,34.5,44.7,20.1,6.7,5.4,15.1,20.4,96.7,56,26,.683,—,96.7,92.3,3.63
2014,Orlando Magic,82,243.4,36.9,82.7,.445,6.9,19.5,.353,30.0,63.3,.474,15.9,20.9,.763,9.7,32.4,42.0,21.0,7.7,4.3,14.9,20.5,96.5,23,59,.280,31.0,96.5,102.0,-5.88
2014,Boston Celtics,82,240.6,36.5,83.9,.435,7.0,21.1,.333,29.5,62.9,.470,16.2,20.8,.777,12.0,30.5,42.5,21.0,7.1,4.2,15.4,21.3,96.2,25,57,.305,23.0,96.2,100.7,-4.97
2014,Memphis Grizzlies,82,241.5,38.1,82.0,.464,4.9,14.0,.353,33.1,68.0,.487,15.1,20.3,.741,11.6,30.8,42.4,21.9,7.7,4.6,13.7,19.1,96.1,50,32,.610,12.0,96.1,94.6,2.18
2014,Milwaukee Bucks,82,242.4,36.0,82.2,.438,6.7,18.9,.353,29.3,63.2,.464,16.8,22.5,.747,11.8,29.3,41.1,21.5,6.6,4.9,15.1,20.9,95.5,15,67,.183,41.0,95.5,103.7,-8.41
2014,Utah Jazz,82,241.2,36.0,81.1,.444,6.6,19.2,.344,29.4,61.9,.474,16.4,22.0,.747,11.0,30.2,41.2,20.3,7.0,4.5,14.6,20.7,95.0,25,57,.305,34.0,95.0,102.2,-6.27
2014,Chicago Bulls,82,243.0,34.7,80.2,.432,6.2,17.8,.348,28.5,62.4,.456,18.1,23.3,.779,11.4,32.7,44.1,22.7,7.2,5.2,14.9,19.1,93.7,48,34,.585,8.0,93.7,91.8,1.20
2015,Golden State Warriors,82,240.6,41.6,87.0,.478,10.8,27.0,.398,30.8,60.0,.514,16.0,20.8,.768,10.4,34.3,44.7,27.4,9.3,6.0,14.5,19.9,110.0,67,15,.817,—,110.0,99.9,10.01
2015,Los Angeles Clippers,82,240.6,39.4,83.3,.473,10.1,26.9,.376,29.3,56.4,.519,17.9,25.2,.710,9.6,33.1,42.6,24.8,7.8,5.0,12.3,21.3,106.7,56,26,.683,11.0,106.7,100.1,6.80
2015,Dallas Mavericks,82,242.4,39.7,85.8,.463,8.9,25.4,.352,30.8,60.4,.509,16.9,22.5,.752,10.5,31.8,42.3,22.5,8.1,4.5,13.0,20.0,105.2,50,32,.610,6.0,105.2,102.3,3.36
2015,Toronto Raptors,82,242.1,37.9,83.3,.455,8.9,25.1,.352,29.0,58.2,.499,19.3,24.6,.787,10.7,30.8,41.5,20.7,7.5,4.4,12.9,20.9,104.0,49,33,.598,—,104.0,100.9,2.45
2015,Oklahoma City Thunder,82,241.8,38.8,86.8,.447,7.7,22.7,.339,31.1,64.1,.486,18.6,24.6,.754,12.8,34.7,47.5,20.5,7.3,5.5,14.7,22.3,104.0,45,37,.549,6.0,104.0,101.8,2.47
2015,Houston Rockets,82,241.5,37.0,83.3,.444,11.4,32.7,.348,25.6,50.6,.506,18.6,26.0,.715,11.7,32.0,43.7,22.2,9.5,5.0,16.7,22.0,103.9,56,26,.683,—,103.9,100.5,3.82
2015,San Antonio Spurs,82,243.4,39.1,83.6,.468,8.3,22.5,.367,30.9,61.1,.505,16.7,21.4,.780,9.8,33.8,43.6,24.4,8.0,5.4,14.0,19.1,103.2,55,27,.671,1.0,103.2,97.0,6.34
2015,Cleveland Cavaliers,82,241.2,37.7,82.2,.458,10.1,27.5,.367,27.6,54.7,.504,17.7,23.6,.751,11.1,31.9,43.0,22.1,7.4,4.1,14.3,18.4,103.1,53,29,.646,—,103.1,98.7,4.08
2015,Portland Trail Blazers,82,242.1,38.7,86.0,.450,9.8,27.2,.362,28.9,58.8,.491,15.5,19.4,.801,10.7,35.1,45.9,21.9,6.4,4.5,13.6,18.2,102.8,51,31,.622,—,102.8,98.6,4.41
2015,Atlanta Hawks,82,240.6,38.1,81.7,.466,10.0,26.2,.380,28.1,55.5,.506,16.5,21.2,.778,8.7,31.8,40.6,25.7,9.1,4.6,14.2,17.8,102.5,60,22,.732,—,102.5,97.1,4.75
2015,Phoenix Suns,82,242.4,38.8,85.8,.452,8.5,25.0,.341,30.2,60.9,.497,16.4,21.5,.760,10.9,32.2,43.2,20.2,8.5,4.7,15.1,21.3,102.4,39,43,.476,28.0,102.4,103.3,-0.38
2015,Denver Nuggets,82,242.4,37.8,87.3,.433,8.0,24.8,.325,29.7,62.5,.476,17.8,24.3,.734,12.3,32.4,44.7,21.8,7.8,4.5,14.2,23.0,101.5,30,52,.366,21.0,101.5,105.0,-3.07
2015,Boston Celtics,82,242.4,38.9,87.9,.443,8.0,24.6,.327,30.9,63.3,.488,15.4,20.5,.754,11.1,32.7,43.8,24.5,8.2,3.6,13.8,21.2,101.4,40,42,.488,9.0,101.4,101.2,-0.40
2015,Sacramento Kings,82,242.1,36.7,80.7,.455,5.6,16.5,.341,31.1,64.2,.484,22.3,29.3,.762,10.9,33.3,44.2,20.3,6.7,4.0,16.3,20.7,101.3,29,53,.354,38.0,101.3,105.0,-3.07
2015,Chicago Bulls,82,242.4,36.6,82.9,.442,7.9,22.3,.353,28.7,60.6,.474,19.7,25.2,.783,11.7,34.0,45.7,21.7,6.3,5.8,14.0,18.2,100.8,50,32,.610,3.0,100.8,97.8,2.54
2015,New Orleans Pelicans,82,241.2,37.9,82.9,.457,7.1,19.3,.370,30.8,63.6,.484,16.4,21.8,.751,11.5,32.0,43.5,22.0,6.7,6.2,13.3,18.7,99.4,45,37,.549,11.0,99.4,98.6,1.13
2015,Washington Wizards,82,243.4,38.3,82.8,.462,6.1,16.8,.360,32.2,66.0,.488,15.9,21.4,.742,10.5,34.2,44.7,24.0,7.3,4.6,15.0,20.8,98.5,46,36,.561,14.0,98.5,97.8,0.17
2015,Detroit Pistons,82,241.8,37.1,85.8,.432,8.6,24.9,.344,28.5,60.9,.468,15.8,22.4,.703,12.8,32.1,44.9,21.6,7.6,4.7,13.4,19.0,98.5,32,50,.390,21.0,98.5,99.5,-1.39
2015,Los Angeles Lakers,82,243.0,37.2,85.6,.435,6.5,18.9,.344,30.8,66.8,.461,17.5,23.6,.741,11.6,32.3,43.9,20.9,7.0,4.5,13.2,21.2,98.5,21,61,.256,46.0,98.5,105.3,-6.17
2015,Memphis Grizzlies,82,242.7,37.8,82.5,.458,5.2,15.2,.339,32.6,67.3,.485,17.6,22.8,.773,10.4,32.1,42.6,21.7,8.5,4.2,13.3,19.1,98.3,55,27,.671,1.0,98.3,95.1,3.62
2015,Brooklyn Nets,82,243.0,37.4,83.0,.451,6.6,19.9,.331,30.8,63.1,.489,16.6,22.2,.748,10.3,32.0,42.4,20.9,7.0,4.1,13.8,19.3,98.0,38,44,.463,11.0,98.0,100.9,-3.13
2015,Milwaukee Bucks,82,243.0,37.6,82.0,.459,6.6,18.3,.363,31.0,63.7,.486,16.0,21.1,.757,10.7,31.4,42.1,23.6,9.6,4.9,16.7,22.1,97.8,41,41,.500,12.0,97.8,97.4,-0.09
2015,Minnesota Timberwolves,82,241.5,36.4,83.2,.438,5.0,14.9,.332,31.5,68.3,.461,20.0,25.7,.776,11.6,29.3,40.9,21.6,8.1,4.0,15.0,19.2,97.8,16,66,.195,35.0,97.8,106.5,-8.00
2015,Indiana Pacers,82,242.1,36.6,83.2,.439,7.5,21.2,.352,29.1,62.0,.469,16.7,22.2,.756,10.4,34.4,44.9,21.4,6.2,4.6,14.0,21.2,97.3,38,44,.463,15.0,97.3,97.0,-0.23
2015,Orlando Magic,82,240.9,37.5,82.8,.453,6.8,19.5,.347,30.8,63.3,.486,13.9,19.1,.729,10.0,31.8,41.8,20.6,7.9,3.8,14.9,20.9,95.7,25,57,.305,35.0,95.7,101.4,-5.87
2015,Utah Jazz,82,240.3,35.4,79.2,.447,7.4,21.7,.343,27.9,57.5,.486,17.0,23.5,.721,12.0,31.9,44.0,19.9,7.6,6.0,15.3,19.3,95.1,38,44,.463,13.0,95.1,94.9,0.71
2015,Miami Heat,82,240.6,35.2,77.2,.456,6.8,20.2,.335,28.4,57.0,.499,17.5,23.7,.741,9.1,30.0,39.1,19.8,7.8,4.5,14.8,20.0,94.7,37,45,.451,23.0,94.7,97.3,-2.92
2015,Charlotte Hornets,82,242.7,35.5,84.5,.420,6.1,19.1,.318,29.5,65.4,.450,17.0,22.8,.748,10.0,34.1,44.1,20.2,6.1,5.5,11.9,18.2,94.2,33,49,.402,27.0,94.2,97.3,-3.44
2015,Philadelphia 76ers,82,241.5,33.7,82.6,.408,8.4,26.3,.320,25.3,56.3,.449,16.1,23.8,.676,11.9,30.9,42.9,20.5,9.6,5.9,17.7,21.7,92.0,18,64,.220,31.0,92.0,101.0,-9.04
2015,New York Knicks,82,242.1,35.1,82.0,.428,6.8,19.7,.347,28.3,62.3,.454,14.8,19.2,.769,10.6,29.8,40.4,21.3,7.0,4.7,14.7,21.6,91.9,17,65,.207,32.0,91.9,101.2,-9.50
2016,Golden State Warriors,82,242.4,42.5,87.3,.487,13.1,31.6,.416,29.4,55.7,.528,16.7,21.8,.763,10.0,36.2,46.2,28.9,8.4,6.1,15.2,20.7,114.9,73,9,.890,—,114.9,104.1,10.38
2016,Oklahoma City Thunder,82,241.8,41.1,86.4,.476,8.3,23.7,.349,32.9,62.6,.524,19.7,25.2,.782,13.1,35.6,48.6,23.0,7.4,5.9,15.9,20.6,110.2,55,27,.671,18.0,110.2,102.9,7.09
2016,Sacramento Kings,82,241.5,40.0,86.4,.464,8.0,22.4,.359,32.0,64.0,.500,18.5,25.5,.725,10.6,33.7,44.2,24.5,8.9,4.5,16.2,20.4,106.6,33,49,.402,40.0,106.6,109.1,-2.32
2016,Houston Rockets,82,241.8,37.7,83.5,.452,10.7,30.9,.347,27.0,52.6,.514,20.4,29.4,.694,11.3,31.7,43.1,22.2,10.0,5.2,15.9,21.8,106.5,41,41,.500,32.0,106.5,106.4,0.34
2016,Boston Celtics,82,241.2,39.2,89.2,.439,8.7,26.1,.335,30.5,63.1,.483,18.5,23.5,.788,11.6,33.3,44.9,24.2,9.2,4.2,13.7,21.9,105.7,48,34,.585,9.0,105.7,102.5,2.84
2016,Portland Trail Blazers,82,241.5,38.6,85.9,.450,10.5,28.5,.370,28.1,57.4,.490,17.4,23.0,.754,11.6,33.9,45.5,21.3,6.9,4.6,14.6,21.7,105.1,44,38,.537,29.0,105.1,104.3,0.98
2016,Los Angeles Clippers,82,241.8,38.3,82.4,.465,9.7,26.7,.364,28.6,55.7,.513,18.2,26.2,.692,8.8,33.3,42.0,22.8,8.6,5.6,13.0,21.3,104.5,53,29,.646,20.0,104.5,100.2,4.13
2016,Cleveland Cavaliers,82,242.1,38.7,84.0,.460,10.7,29.6,.362,27.9,54.4,.514,16.3,21.7,.748,10.6,33.9,44.5,22.7,6.7,3.9,13.6,20.3,104.3,57,25,.695,—,104.3,98.3,5.45
2016,Washington Wizards,82,240.9,39.5,85.8,.460,8.6,24.2,.358,30.8,61.6,.501,16.5,22.5,.730,9.1,32.8,41.8,24.5,8.6,3.9,14.5,20.8,104.1,41,41,.500,16.0,104.1,104.6,-0.50
2016,San Antonio Spurs,82,240.3,40.1,82.9,.484,7.0,18.5,.375,33.2,64.4,.515,16.4,20.4,.803,9.4,34.5,43.9,24.5,8.3,5.9,13.1,17.5,103.5,67,15,.817,6.0,103.5,92.9,10.28
2016,Charlotte Hornets,82,242.1,37.0,84.4,.439,10.6,29.4,.362,26.4,55.0,.479,18.7,23.7,.790,9.0,35.0,43.9,21.7,7.3,5.3,12.6,18.1,103.4,48,34,.585,9.0,103.4,100.7,2.36
2016,Atlanta Hawks,82,241.8,38.6,84.4,.458,9.9,28.4,.350,28.7,56.1,.512,15.6,20.0,.783,8.3,33.8,42.1,25.6,9.1,5.9,15.0,19.1,102.8,48,34,.585,9.0,102.8,99.2,3.49
2016,New Orleans Pelicans,82,241.2,38.5,85.9,.448,8.6,23.8,.360,29.9,62.1,.482,17.3,22.2,.776,9.5,33.1,42.6,22.2,7.7,4.2,13.4,20.9,102.7,30,52,.366,43.0,102.7,106.5,-3.56
2016,Toronto Raptors,82,241.2,36.7,81.3,.451,8.6,23.4,.370,28.0,58.0,.483,20.8,26.7,.777,10.2,33.2,43.4,18.7,7.8,5.5,13.1,19.6,102.7,56,26,.683,1.0,102.7,98.2,4.08
2016,Minnesota Timberwolves,82,242.4,37.7,81.3,.464,5.5,16.4,.338,32.2,64.9,.496,21.4,27.0,.792,10.0,31.5,41.6,23.4,8.0,4.6,15.0,20.7,102.4,29,53,.354,44.0,102.4,106.0,-3.38
2016,Dallas Mavericks,82,244.0,37.4,84.1,.444,9.8,28.6,.344,27.5,55.6,.495,17.7,22.3,.794,9.2,33.9,43.1,22.1,6.8,3.7,12.8,19.5,102.3,42,40,.512,31.0,102.3,102.6,-0.02
2016,Indiana Pacers,82,242.4,38.3,85.2,.450,8.1,23.0,.351,30.2,62.1,.486,17.4,22.8,.764,10.3,33.9,44.2,21.2,9.0,4.8,14.9,20.0,102.2,45,37,.549,12.0,102.2,100.5,1.62
2016,Orlando Magic,82,242.7,39.5,86.8,.455,7.8,22.2,.350,31.8,64.7,.492,15.2,20.1,.757,10.3,33.0,43.3,23.6,8.2,5.1,14.1,20.7,102.1,35,47,.427,22.0,102.1,103.7,-1.68
2016,Detroit Pistons,82,242.4,37.9,86.4,.439,9.0,26.2,.345,28.9,60.2,.480,17.1,25.5,.668,12.5,33.9,46.3,19.4,7.0,3.7,13.5,19.0,102.0,44,38,.537,13.0,102.0,101.4,0.43
2016,Denver Nuggets,82,241.8,37.7,85.4,.442,8.0,23.7,.338,29.7,61.7,.482,18.5,24.1,.766,11.5,33.1,44.6,22.7,7.4,4.8,14.7,21.0,101.9,33,49,.402,40.0,101.9,105.0,-2.81
2016,Chicago Bulls,82,242.7,38.6,87.4,.441,7.9,21.4,.371,30.7,66.1,.464,16.5,21.0,.787,11.1,35.2,46.3,22.8,6.0,5.7,13.9,18.8,101.6,42,40,.512,15.0,101.6,103.1,-1.46
2016,Phoenix Suns,82,240.3,37.2,85.6,.435,9.0,25.8,.348,28.2,59.8,.472,17.5,23.2,.751,11.5,33.3,44.8,20.7,7.7,3.8,17.2,22.7,100.9,23,59,.280,50.0,100.9,107.5,-6.32
2016,Miami Heat,82,241.8,38.4,81.7,.470,6.1,18.0,.336,32.3,63.6,.508,17.1,23.0,.744,9.8,34.3,44.1,20.8,6.7,6.5,14.1,18.3,100.0,48,34,.585,9.0,100.0,98.4,1.50
2016,Memphis Grizzlies,82,241.8,36.8,83.6,.440,6.1,18.5,.331,30.7,65.1,.471,19.3,24.7,.783,11.2,30.5,41.6,20.7,8.8,4.3,13.3,21.7,99.1,42,40,.512,31.0,99.1,101.3,-2.14
2016,Milwaukee Bucks,82,241.8,38.4,82.2,.467,5.4,15.6,.345,33.0,66.6,.495,17.0,22.7,.747,10.5,31.2,41.7,23.1,8.2,5.8,15.2,20.7,99.0,33,49,.402,24.0,99.0,103.2,-3.98
2016,Brooklyn Nets,82,240.9,38.2,84.4,.453,6.5,18.4,.352,31.8,66.0,.481,15.7,20.7,.757,10.5,31.9,42.4,22.3,7.6,4.0,14.8,18.0,98.6,21,61,.256,36.0,98.6,106.0,-7.12
2016,New York Knicks,82,241.5,36.9,84.0,.439,7.4,21.5,.346,29.4,62.5,.471,17.2,21.4,.805,10.4,34.0,44.4,20.5,5.7,5.7,13.4,19.7,98.4,32,50,.390,25.0,98.4,101.1,-2.74
2016,Utah Jazz,82,243.4,36.1,80.4,.449,8.5,23.9,.355,27.6,56.5,.488,17.1,23.0,.744,10.7,32.5,43.2,19.0,7.7,5.2,14.9,20.2,97.7,40,42,.488,33.0,97.7,95.9,1.84
2016,Philadelphia 76ers,82,241.5,36.2,84.0,.431,9.3,27.5,.339,26.9,56.5,.476,15.7,22.6,.694,9.5,31.8,41.2,21.5,8.3,6.0,16.4,21.7,97.4,10,72,.122,47.0,97.4,107.6,-9.92
2016,Los Angeles Lakers,82,240.6,35.1,84.8,.414,7.8,24.6,.317,27.3,60.2,.454,19.3,24.7,.781,10.7,32.3,43.0,18.0,7.2,4.1,13.7,20.3,97.3,17,65,.207,56.0,97.3,106.9,-8.92
2017,Golden State Warriors,82,241.2,43.1,87.1,.495,12.0,31.2,.383,31.1,55.8,.557,17.8,22.6,.788,9.4,35.0,44.4,30.4,9.6,6.8,14.8,19.3,115.9,67,15,.817,—,115.9,104.3,11.35
2017,Houston Rockets,82,241.2,40.3,87.2,.462,14.4,40.3,.357,25.9,46.9,.552,20.3,26.5,.766,10.9,33.5,44.4,25.2,8.2,4.3,15.1,19.9,115.3,55,27,.671,12.0,115.3,109.6,5.84
2017,Denver Nuggets,82,240.9,41.2,87.7,.469,10.6,28.8,.368,30.6,58.9,.519,18.7,24.2,.774,11.8,34.6,46.4,25.3,6.9,3.9,15.0,19.1,111.7,40,42,.488,27.0,111.7,111.2,0.70
2017,Cleveland Cavaliers,82,242.4,39.9,84.9,.470,13.0,33.9,.384,26.9,51.0,.528,17.5,23.3,.748,9.3,34.4,43.7,22.7,6.6,4.0,13.7,18.1,110.3,51,31,.622,2.0,110.3,107.2,2.87
2017,Washington Wizards,82,242.1,41.3,87.0,.475,9.2,24.8,.372,32.1,62.3,.515,17.3,22.1,.784,10.3,32.6,42.9,23.9,8.5,4.1,14.2,21.3,109.2,49,33,.598,4.0,109.2,107.4,1.36
2017,Los Angeles Clippers,82,240.9,39.5,83.2,.475,10.3,27.4,.375,29.3,55.8,.525,19.3,26.0,.745,9.0,34.0,43.0,22.5,7.5,4.2,13.0,19.8,108.7,51,31,.622,16.0,108.7,104.4,4.42
2017,Boston Celtics,82,240.9,38.6,85.1,.454,12.0,33.4,.359,26.6,51.7,.515,18.7,23.2,.807,9.1,32.9,42.0,25.2,7.5,4.1,13.3,20.6,108.0,53,29,.646,—,108.0,105.4,2.25
2017,Portland Trail Blazers,82,243.0,39.5,86.1,.459,10.4,27.7,.375,29.2,58.4,.499,18.5,23.7,.780,10.1,33.5,43.7,21.1,7.0,5.0,13.7,21.2,107.9,41,41,.500,26.0,107.9,108.5,-0.23
2017,Phoenix Suns,82,241.8,39.9,88.5,.450,7.5,22.6,.332,32.4,65.9,.491,20.4,26.3,.776,11.9,33.1,45.0,19.6,8.2,4.9,15.4,24.8,107.7,24,58,.293,43.0,107.7,113.3,-5.14
2017,Toronto Raptors,82,241.2,39.2,84.4,.464,8.8,24.3,.363,30.3,60.0,.505,19.7,24.7,.796,10.6,32.6,43.3,18.5,8.3,4.9,12.7,20.8,106.9,51,31,.622,2.0,106.9,102.6,3.65
2017,Oklahoma City Thunder,82,241.5,39.5,87.4,.452,8.4,25.8,.327,31.0,61.6,.504,19.2,25.8,.745,12.2,34.4,46.6,21.0,7.9,5.0,15.0,20.9,106.6,47,35,.573,20.0,106.6,105.8,1.14
2017,Brooklyn Nets,82,240.9,37.8,85.2,.444,10.7,31.6,.338,27.1,53.6,.506,19.4,24.6,.788,8.8,35.1,43.9,21.4,7.2,4.7,16.5,21.0,105.8,20,62,.244,33.0,105.8,112.5,-6.74
2017,Minnesota Timberwolves,82,241.5,39.5,84.4,.467,7.3,21.0,.349,32.1,63.4,.507,19.3,24.2,.799,11.4,31.0,42.4,23.7,8.0,4.5,14.0,20.1,105.6,31,51,.378,36.0,105.6,106.7,-0.64
2017,San Antonio Spurs,82,241.5,39.3,83.7,.469,9.2,23.5,.391,30.1,60.2,.500,17.6,22.0,.797,10.0,33.9,43.9,23.8,8.0,5.9,13.4,18.3,105.3,61,21,.744,6.0,105.3,98.1,7.13
2017,Indiana Pacers,82,242.1,39.3,84.5,.465,8.6,23.0,.376,30.6,61.5,.498,17.9,22.1,.810,9.0,33.0,42.0,22.5,8.2,5.0,13.8,19.5,105.1,42,40,.512,11.0,105.1,105.3,-0.64
2017,Charlotte Hornets,82,241.8,37.7,85.4,.442,10.0,28.6,.351,27.7,56.7,.488,19.4,23.8,.815,8.8,34.8,43.6,23.1,7.0,4.8,11.5,16.6,104.9,36,46,.439,17.0,104.9,104.7,-0.07
2017,Los Angeles Lakers,82,240.3,39.3,87.4,.450,8.9,25.7,.346,30.4,61.6,.493,17.0,22.6,.754,11.4,32.1,43.5,20.9,8.2,3.9,15.2,20.7,104.6,26,56,.317,41.0,104.6,111.5,-6.29
2017,New Orleans Pelicans,82,242.7,39.1,87.0,.450,9.4,26.8,.350,29.8,60.2,.495,16.7,22.3,.750,8.6,35.1,43.7,22.8,7.8,5.5,12.9,18.2,104.3,34,48,.415,33.0,104.3,106.4,-1.69
2017,New York Knicks,82,242.1,39.6,88.5,.447,8.6,24.7,.348,31.0,63.8,.485,16.6,21.1,.788,12.0,33.2,45.2,21.8,7.1,5.5,13.9,20.3,104.3,31,51,.378,22.0,104.3,108.0,-3.87
2017,Milwaukee Bucks,82,241.2,38.8,81.9,.474,8.8,23.7,.370,30.0,58.2,.516,17.2,22.4,.768,8.8,31.6,40.4,24.2,8.1,5.3,14.0,20.2,103.6,42,40,.512,11.0,103.6,103.8,-0.45
2017,Miami Heat,82,241.2,39.0,85.8,.455,9.9,27.0,.365,29.2,58.8,.496,15.2,21.6,.706,10.6,33.0,43.6,21.2,7.2,5.7,13.4,20.5,103.2,41,41,.500,12.0,103.2,102.1,0.77
2017,Atlanta Hawks,82,242.4,38.1,84.4,.451,8.9,26.1,.341,29.2,58.3,.501,18.1,24.9,.728,10.3,34.1,44.3,23.6,8.2,4.8,15.8,18.2,103.2,43,39,.524,10.0,103.2,104.0,-1.23
2017,Chicago Bulls,82,241.2,38.6,87.1,.444,7.6,22.3,.340,31.0,64.8,.479,18.0,22.5,.798,12.2,34.1,46.3,22.6,7.8,4.8,13.6,17.7,102.9,41,41,.500,12.0,102.9,102.4,0.03
2017,Sacramento Kings,82,242.4,37.9,82.1,.461,9.0,23.9,.376,28.9,58.2,.496,18.1,23.3,.775,8.7,32.3,41.1,22.5,7.6,4.0,14.6,20.3,102.8,32,50,.390,35.0,102.8,106.7,-3.29
2017,Philadelphia 76ers,82,241.8,37.7,85.3,.442,10.1,29.8,.340,27.5,55.5,.496,17.0,22.0,.771,9.8,33.0,42.8,23.8,8.4,5.1,16.7,21.9,102.4,28,54,.341,25.0,102.4,108.1,-5.83
2017,Detroit Pistons,82,241.5,39.9,88.8,.449,7.7,23.4,.330,32.2,65.5,.492,13.9,19.3,.719,11.1,34.6,45.7,21.1,7.0,3.8,11.9,17.9,101.3,37,45,.451,16.0,101.3,102.5,-1.29
2017,Orlando Magic,82,241.5,38.3,87.0,.440,8.5,26.1,.328,29.7,60.9,.488,16.0,21.4,.747,9.8,33.3,43.2,22.2,7.1,4.8,13.3,19.3,101.1,29,53,.354,24.0,101.1,107.6,-6.61
2017,Utah Jazz,82,240.9,37.0,79.5,.466,9.6,26.0,.372,27.3,53.5,.511,17.1,22.9,.747,9.4,33.8,43.2,20.1,6.7,5.0,13.6,18.8,100.7,51,31,.622,16.0,100.7,96.8,4.00
2017,Memphis Grizzlies,82,242.7,36.4,83.6,.435,9.4,26.5,.354,27.0,57.1,.473,18.3,23.4,.784,10.8,32.0,42.8,21.3,8.0,4.2,12.9,22.4,100.5,43,39,.524,24.0,100.5,100.0,0.96
2017,Dallas Mavericks,82,241.2,36.2,82.3,.440,10.7,30.2,.355,25.5,52.2,.489,14.8,18.5,.801,7.9,30.7,38.6,20.8,7.5,3.7,11.9,19.1,97.9,33,49,.402,34.0,97.9,100.8,-2.53
2018,Golden State Warriors,82,240.6,42.8,85.1,.503,11.3,28.9,.391,31.5,56.2,.560,16.6,20.3,.815,8.4,35.1,43.5,29.3,8.0,7.5,15.5,19.6,113.5,58,24,.707,7.0,113.5,107.5,5.79
2018,Houston Rockets,82,240.9,38.7,84.2,.460,15.3,42.3,.362,23.4,41.9,.558,19.6,25.1,.781,9.0,34.5,43.5,21.5,8.5,4.8,13.8,19.5,112.4,65,17,.793,—,112.4,103.9,8.21
2018,New Orleans Pelicans,82,243.4,42.7,88.3,.483,10.2,28.2,.362,32.5,60.1,.540,16.1,20.9,.772,8.7,35.7,44.3,26.8,8.0,5.9,14.9,19.1,111.7,48,34,.585,17.0,111.7,110.4,1.48
2018,Toronto Raptors,82,241.8,41.3,87.4,.472,11.8,33.0,.358,29.5,54.4,.541,17.3,21.8,.794,9.8,34.2,44.0,24.3,7.6,6.1,13.4,21.7,111.7,59,23,.720,—,111.7,103.9,7.29
2018,Cleveland Cavaliers,82,240.6,40.4,84.8,.476,12.0,32.1,.372,28.4,52.6,.540,18.1,23.3,.779,8.5,33.7,42.1,23.4,7.1,3.8,13.7,18.6,110.9,50,32,.610,9.0,110.9,109.9,0.59
2018,Denver Nuggets,82,242.4,40.7,86.6,.470,11.5,30.9,.371,29.2,55.7,.525,17.1,22.3,.767,11.0,33.5,44.5,25.1,7.6,4.9,15.0,18.7,110.0,46,36,.561,19.0,110.0,108.5,1.57
2018,Philadelphia 76ers,82,241.2,40.8,86.6,.472,11.0,29.8,.369,29.9,56.7,.526,17.1,22.8,.752,10.9,36.5,47.4,27.1,8.3,5.1,16.5,22.1,109.8,52,30,.634,7.0,109.8,105.3,4.30
2018,Minnesota Timberwolves,82,241.5,41.0,86.1,.476,8.0,22.5,.357,33.0,63.6,.519,19.4,24.1,.804,10.3,31.6,42.0,22.7,8.4,4.2,12.5,18.2,109.5,47,35,.573,18.0,109.5,107.3,2.35
2018,Los Angeles Clippers,82,240.3,40.3,85.4,.471,9.5,26.8,.354,30.8,58.6,.525,19.0,25.5,.743,10.1,33.7,43.9,22.3,7.7,4.5,14.7,20.0,109.0,42,40,.512,23.0,109.0,109.0,0.15
2018,Charlotte Hornets,82,241.2,39.0,86.7,.450,10.0,27.2,.369,28.9,59.4,.487,20.2,27.0,.747,10.1,35.4,45.5,21.6,6.8,4.5,12.7,17.2,108.2,36,46,.439,23.0,108.2,108.0,0.07
2018,Los Angeles Lakers,82,242.7,40.7,88.4,.461,10.0,29.1,.345,30.7,59.3,.517,16.6,23.3,.714,10.7,35.7,46.4,23.8,7.7,4.7,15.8,21.2,108.1,35,47,.427,30.0,108.1,109.6,-1.44
2018,Oklahoma City Thunder,82,241.8,39.9,88.1,.453,10.7,30.4,.354,29.1,57.7,.505,17.3,24.2,.716,12.5,32.6,45.1,21.3,9.1,5.0,14.0,20.2,107.9,48,34,.585,17.0,107.9,104.4,3.42
2018,Washington Wizards,82,242.1,39.9,85.6,.467,9.9,26.5,.375,30.0,59.1,.508,16.8,21.8,.772,10.0,33.1,43.1,25.2,7.9,4.3,14.6,21.3,106.6,43,39,.524,16.0,106.6,106.0,0.53
2018,Brooklyn Nets,82,242.1,38.2,86.8,.441,12.7,35.7,.356,25.5,51.1,.500,17.4,22.6,.772,9.7,34.8,44.4,23.7,6.2,4.8,15.2,20.6,106.6,28,54,.341,31.0,106.6,110.3,-3.67
2018,Milwaukee Bucks,82,241.8,39.7,83.0,.478,8.8,24.7,.355,31.0,58.3,.531,18.3,23.4,.783,8.4,31.5,39.8,23.2,8.8,5.4,13.8,21.4,106.5,44,38,.537,15.0,106.5,106.8,-0.45
2018,Portland Trail Blazers,82,240.9,39.3,87.0,.452,10.3,28.1,.366,29.0,58.8,.493,16.7,20.9,.800,10.2,35.3,45.5,19.5,7.0,5.2,13.5,19.5,105.6,49,33,.598,16.0,105.6,103.0,2.60
2018,Indiana Pacers,82,240.9,40.8,86.4,.472,9.0,24.5,.369,31.8,61.9,.513,14.9,19.2,.779,9.6,32.7,42.3,22.2,8.8,4.1,13.3,18.8,105.6,48,34,.585,11.0,105.6,104.2,1.18
2018,New York Knicks,82,241.8,40.7,87.7,.464,8.2,23.3,.352,32.5,64.4,.504,14.9,19.0,.787,10.5,33.6,44.0,23.3,6.7,5.1,14.7,20.5,104.5,29,53,.354,30.0,104.5,108.0,-3.53
2018,Utah Jazz,82,240.9,38.3,82.9,.462,10.8,29.6,.366,27.5,53.3,.515,16.8,21.5,.779,9.0,34.2,43.3,22.4,8.6,5.1,14.7,19.6,104.1,48,34,.585,17.0,104.1,99.8,4.47
2018,Boston Celtics,82,241.5,38.3,85.1,.450,11.5,30.4,.377,26.9,54.7,.491,16.0,20.7,.771,9.4,35.1,44.5,22.5,7.4,4.5,14.0,19.7,104.0,55,27,.671,4.0,104.0,100.4,3.23
2018,Phoenix Suns,82,240.3,38.5,87.1,.442,9.3,27.9,.334,29.1,59.2,.492,17.7,23.9,.741,10.3,33.9,44.1,21.3,6.9,4.5,15.7,22.0,103.9,21,61,.256,44.0,103.9,113.3,-8.80
2018,Detroit Pistons,82,241.5,39.1,86.9,.450,10.8,28.9,.373,28.3,58.0,.488,14.7,19.8,.745,10.1,33.6,43.7,22.8,7.7,3.9,13.5,18.4,103.8,39,43,.476,20.0,103.8,103.9,-0.26
2018,Miami Heat,82,243.0,38.8,85.3,.455,11.0,30.6,.360,27.8,54.8,.508,14.7,19.5,.755,9.3,34.2,43.5,22.7,7.6,5.3,14.4,20.1,103.4,44,38,.537,15.0,103.4,102.9,0.15
2018,Orlando Magic,82,240.6,38.8,85.9,.452,10.3,29.3,.351,28.5,56.5,.504,15.5,20.5,.757,8.8,32.8,41.6,23.4,7.6,4.9,14.5,19.3,103.4,25,57,.305,34.0,103.4,108.2,-4.92
2018,Atlanta Hawks,82,240.3,38.2,85.5,.446,11.2,31.0,.360,27.0,54.5,.495,15.8,20.2,.785,9.1,32.8,41.9,23.7,7.8,4.2,15.6,19.6,103.4,24,58,.293,35.0,103.4,108.8,-5.30
2018,Chicago Bulls,82,242.1,38.7,88.8,.435,11.0,31.1,.355,27.6,57.8,.478,14.6,19.2,.759,9.6,35.0,44.7,23.5,7.6,3.5,14.0,19.2,102.9,27,55,.329,32.0,102.9,110.0,-6.84
2018,San Antonio Spurs,82,240.6,39.0,85.4,.457,8.5,24.1,.352,30.6,61.2,.499,16.1,20.9,.772,10.4,33.9,44.2,22.8,7.7,5.6,13.1,17.2,102.7,47,35,.573,18.0,102.7,99.8,2.89
2018,Dallas Mavericks,82,241.5,38.1,85.9,.444,11.8,32.8,.360,26.4,53.1,.496,14.2,18.7,.763,8.1,33.1,41.3,22.7,7.0,3.8,12.3,19.2,102.3,24,58,.293,41.0,102.3,105.4,-2.70
2018,Memphis Grizzlies,82,240.3,36.7,82.8,.444,9.2,26.2,.352,27.5,56.5,.486,16.6,21.1,.786,9.5,31.0,40.5,21.5,7.5,4.8,15.0,23.2,99.3,22,60,.268,43.0,99.3,105.5,-5.81
2018,Sacramento Kings,82,240.9,38.8,86.1,.450,9.0,24.0,.375,29.8,62.1,.479,12.3,16.7,.735,9.5,31.4,40.9,21.6,7.8,4.1,13.7,20.0,98.8,27,55,.329,38.0,98.8,105.8,-6.60
2019,Milwaukee Bucks,82,241.2,43.4,91.1,.476,13.5,38.2,.353,29.9,52.9,.565,17.9,23.2,.773,9.3,40.4,49.7,26.0,7.5,5.9,13.9,19.6,118.1,60,22,.732,—,118.1,109.3,8.04
2019,Golden State Warriors,82,241.5,44.0,89.8,.491,13.3,34.4,.385,30.8,55.3,.557,16.3,20.4,.801,9.7,36.5,46.2,29.4,7.6,6.4,14.3,21.4,117.7,57,25,.695,—,117.7,111.2,6.42
2019,New Orleans Pelicans,82,240.9,43.7,92.2,.473,10.3,29.9,.344,33.4,62.4,.536,17.8,23.4,.761,11.1,36.2,47.3,27.0,7.4,5.4,14.8,21.1,115.4,33,49,.402,24.0,115.4,116.8,-1.10
2019,Philadelphia 76ers,82,241.5,41.5,88.2,.471,10.8,30.2,.359,30.7,58.0,.529,21.2,27.5,.771,10.9,36.9,47.8,26.9,7.4,5.3,14.9,21.3,115.2,51,31,.622,9.0,115.2,112.5,2.25
2019,Los Angeles Clippers,82,241.8,41.3,87.5,.471,10.0,25.8,.388,31.3,61.7,.507,22.6,28.5,.792,9.7,35.8,45.5,24.0,6.8,4.7,14.5,23.3,115.1,48,34,.585,9.0,115.1,114.3,1.09
2019,Portland Trail Blazers,82,242.1,42.3,90.6,.467,11.0,30.7,.359,31.3,59.8,.523,19.0,23.3,.814,11.8,36.2,48.0,23.0,6.7,5.0,13.8,20.4,114.7,53,29,.646,4.0,114.7,110.5,4.43
2019,Oklahoma City Thunder,82,242.1,42.6,94.0,.454,11.4,32.6,.348,31.3,61.3,.510,17.8,25.0,.713,12.6,35.5,48.1,23.4,9.3,5.2,14.0,22.4,114.5,49,33,.598,8.0,114.5,111.1,3.56
2019,Toronto Raptors,82,242.4,42.2,89.1,.474,12.4,33.8,.366,29.8,55.3,.539,17.7,22.0,.804,9.6,35.6,45.2,25.4,8.3,5.3,14.0,21.0,114.4,58,24,.707,2.0,114.4,108.4,5.49
2019,Sacramento Kings,82,240.6,43.2,93.1,.464,11.3,29.9,.378,31.9,63.2,.504,16.5,22.7,.726,11.0,34.4,45.4,25.4,8.3,4.4,13.4,21.4,114.2,39,43,.476,18.0,114.2,115.3,-0.81
2019,Washington Wizards,82,243.0,42.1,90.1,.468,11.3,33.3,.341,30.8,56.8,.543,18.4,23.9,.768,9.7,32.7,42.4,26.3,8.3,4.6,14.1,20.7,114.0,32,50,.390,28.0,114.0,116.9,-3.30
2019,Houston Rockets,82,241.8,39.2,87.4,.449,16.1,45.4,.356,23.1,42.0,.551,19.3,24.4,.791,10.2,31.9,42.1,21.2,8.5,4.9,13.3,22.0,113.9,53,29,.646,4.0,113.9,109.1,4.96
2019,Atlanta Hawks,82,242.1,41.4,91.8,.451,13.0,37.0,.352,28.4,54.8,.518,17.6,23.4,.752,11.6,34.5,46.1,25.8,8.2,5.1,17.0,23.6,113.3,29,53,.354,31.0,113.3,119.4,-6.06
2019,Minnesota Timberwolves,82,241.8,41.6,91.3,.456,10.1,28.7,.351,31.5,62.5,.504,19.1,24.3,.787,11.3,33.5,44.8,24.6,8.3,5.0,13.1,20.3,112.5,36,46,.439,21.0,112.5,114.0,-1.02
2019,Boston Celtics,82,241.2,42.1,90.5,.465,12.6,34.5,.365,29.5,56.0,.527,15.6,19.5,.802,9.8,34.7,44.5,26.3,8.6,5.3,12.8,20.4,112.4,49,33,.598,11.0,112.4,108.0,3.90
2019,Brooklyn Nets,82,243.7,40.3,89.7,.449,12.8,36.2,.353,27.5,53.6,.513,19.0,25.5,.745,11.0,35.6,46.6,23.8,6.6,4.1,15.1,21.5,112.2,42,40,.512,18.0,112.2,112.3,-0.40
2019,Los Angeles Lakers,82,241.2,42.6,90.5,.470,10.3,31.0,.333,32.2,59.6,.541,16.3,23.3,.699,10.2,36.4,46.6,25.6,7.5,5.4,15.7,20.7,111.8,37,45,.451,20.0,111.8,113.5,-1.33
2019,Utah Jazz,82,240.9,40.4,86.4,.468,12.1,34.0,.356,28.3,52.4,.541,18.8,25.5,.736,10.0,36.4,46.4,26.0,8.1,5.9,15.1,21.1,111.7,50,32,.610,7.0,111.7,106.5,5.28
2019,San Antonio Spurs,82,241.5,42.3,88.4,.478,9.9,25.3,.392,32.4,63.1,.513,17.2,21.0,.819,9.2,35.5,44.7,24.5,6.1,4.7,12.1,18.1,111.7,48,34,.585,9.0,111.7,110.0,1.80
2019,Charlotte Hornets,82,241.8,40.2,89.8,.448,11.9,33.9,.351,28.3,55.8,.507,18.4,23.1,.797,9.9,33.9,43.8,23.2,7.2,4.9,12.2,18.9,110.7,39,43,.476,21.0,110.7,111.8,-1.32
2019,Denver Nuggets,82,240.6,41.9,90.0,.466,11.0,31.4,.351,30.9,58.7,.527,15.8,20.9,.755,11.9,34.5,46.4,27.4,7.7,4.4,13.4,20.0,110.7,54,28,.659,3.0,110.7,106.7,4.19
2019,Dallas Mavericks,82,241.2,38.8,86.9,.447,12.5,36.6,.340,26.3,50.2,.524,18.8,25.3,.742,10.1,35.2,45.3,23.4,6.5,4.3,14.2,20.1,108.9,33,49,.402,24.0,108.9,110.1,-0.87
2019,Indiana Pacers,82,240.3,41.3,87.0,.475,9.5,25.4,.374,31.8,61.6,.517,15.8,21.1,.752,9.3,33.7,43.0,26.0,8.7,4.9,13.7,19.4,108.0,48,34,.585,12.0,108.0,104.7,2.76
2019,Phoenix Suns,82,242.4,40.1,87.4,.459,9.6,29.3,.329,30.5,58.1,.525,17.6,22.7,.779,9.1,31.3,40.4,23.9,9.0,5.1,15.6,23.6,107.5,19,63,.232,38.0,107.5,116.8,-8.61
2019,Orlando Magic,82,241.2,40.4,89.1,.454,11.4,32.1,.356,29.0,57.0,.509,15.0,19.2,.782,10.0,35.4,45.4,25.5,6.6,5.4,13.2,18.6,107.3,42,40,.512,18.0,107.3,106.6,0.28
2019,Detroit Pistons,82,242.1,38.8,88.3,.440,12.1,34.8,.348,26.7,53.5,.500,17.3,23.1,.747,11.4,33.6,45.0,22.5,6.9,4.0,13.8,22.1,107.0,41,41,.500,19.0,107.0,107.3,-0.56
2019,Miami Heat,82,240.6,39.6,88.0,.450,11.3,32.4,.349,28.3,55.6,.509,15.1,21.7,.695,11.2,35.1,46.3,24.3,7.6,5.5,14.7,20.9,105.7,39,43,.476,21.0,105.7,105.9,-0.45
2019,Chicago Bulls,82,242.7,39.8,87.9,.453,9.1,25.9,.351,30.7,62.0,.496,16.2,20.7,.783,8.8,34.1,42.9,21.9,7.4,4.3,14.1,20.3,104.9,22,60,.268,38.0,104.9,113.4,-8.32
2019,New York Knicks,82,241.2,38.2,88.3,.433,10.0,29.5,.340,28.2,58.8,.479,18.1,23.9,.759,10.5,34.3,44.7,20.1,6.8,5.1,14.0,20.9,104.6,17,65,.207,43.0,104.6,113.8,-8.93
2019,Cleveland Cavaliers,82,240.9,38.9,87.6,.444,10.3,29.1,.355,28.6,58.5,.488,16.4,20.7,.792,10.7,31.9,42.7,20.7,6.5,2.4,13.5,20.0,104.5,19,63,.232,41.0,104.5,114.1,-9.39
2019,Memphis Grizzlies,82,242.4,38.0,84.4,.450,9.9,28.9,.342,28.1,55.6,.505,17.7,23.0,.772,8.8,33.0,41.8,23.9,8.3,5.5,14.0,22.0,103.5,33,49,.402,24.0,103.5,106.1,-2.08
2020,Dallas Mavericks,67,241.5,41.6,90.0,.462,15.3,41.5,.369,26.3,48.5,.542,17.9,23.1,.773,10.6,36.4,47.0,24.5,6.3,5.0,12.8,19.0,116.4,40,27,.597,11.0,116.4,110.3,5.84
2020,Milwaukee Bucks,65,240.8,43.5,91.2,.477,13.7,38.6,.356,29.8,52.6,.567,17.8,24.0,.742,9.5,42.2,51.7,25.9,7.4,6.0,14.9,19.2,118.6,53,12,.815,—,118.6,107.4,10.44
2020,Houston Rockets,64,241.2,41.1,90.7,.454,15.4,44.3,.348,25.7,46.4,.554,20.5,26.0,.787,10.4,34.6,44.9,21.5,8.5,5.1,14.7,21.6,118.1,40,24,.625,9.5,118.1,114.4,3.78
2020,Portland Trail Blazers,66,240.8,41.9,90.9,.461,12.6,33.8,.372,29.3,57.1,.513,17.3,21.7,.798,10.1,35.4,45.5,20.2,6.1,6.2,13.0,21.4,113.6,29,37,.439,21.5,113.6,115.2,-1.11
2020,Atlanta Hawks,67,243.0,40.6,90.6,.449,12.0,36.1,.333,28.6,54.5,.525,18.5,23.4,.790,9.9,33.4,43.3,24.0,7.8,5.1,16.2,23.1,111.8,20,47,.299,34.0,111.8,119.7,-7.57
2020,New Orleans Pelicans,64,242.3,42.6,92.2,.462,14.0,37.6,.372,28.6,54.6,.525,16.9,23.2,.729,11.2,35.8,47.0,27.0,7.6,5.1,16.2,21.0,116.2,28,36,.438,21.5,116.2,117.0,0.30
2020,Los Angeles Clippers,64,241.2,41.6,89.7,.464,12.2,33.2,.366,29.5,56.5,.522,20.8,26.2,.792,11.0,37.0,48.0,23.8,7.1,5.0,14.8,22.0,116.2,44,20,.688,5.5,116.2,109.7,6.74
2020,Washington Wizards,64,241.2,41.9,91.0,.461,12.3,33.1,.372,29.6,57.9,.511,19.5,24.8,.787,10.1,31.6,41.7,25.3,8.1,4.3,14.1,22.6,115.6,24,40,.375,28.5,115.6,119.7,-4.86
2020,Memphis Grizzlies,65,240.4,42.8,91.0,.470,10.9,31.1,.352,31.8,59.9,.531,16.2,21.3,.761,10.4,36.3,46.7,27.0,8.0,5.6,15.3,20.8,112.6,32,33,.492,18.0,112.6,113.7,-1.05
2020,Phoenix Suns,65,241.2,40.8,87.8,.464,11.2,31.7,.353,29.6,56.1,.527,19.8,24.0,.826,9.8,33.3,43.1,27.2,7.8,4.0,15.1,22.1,112.6,26,39,.400,24.0,112.6,113.9,-1.04
2020,Miami Heat,65,243.5,39.6,84.4,.470,13.4,34.8,.383,26.3,49.6,.530,19.5,25.1,.778,8.5,36.0,44.5,26.0,7.4,4.5,14.9,20.4,112.2,41,24,.631,12.0,112.2,108.9,2.58
2020,Minnesota Timberwolves,64,243.1,40.4,91.6,.441,13.3,39.7,.336,27.1,52.0,.521,19.1,25.4,.753,10.5,34.3,44.8,23.8,8.7,5.7,15.3,21.4,113.3,19,45,.297,30.5,113.3,117.5,-3.78
2020,Boston Celtics,64,242.0,41.2,89.6,.459,12.4,34.2,.363,28.8,55.4,.519,18.3,22.8,.801,10.7,35.3,46.0,22.8,8.3,5.6,13.6,21.4,113.0,43,21,.672,9.5,113.0,106.8,5.69
2020,Toronto Raptors,64,241.6,40.6,88.5,.458,13.8,37.0,.371,26.8,51.5,.521,18.1,22.6,.800,9.7,35.5,45.2,25.4,8.8,4.9,14.4,21.5,113.0,46,18,.719,6.5,113.0,106.5,5.88
2020,Los Angeles Lakers,63,240.8,42.9,88.6,.485,11.2,31.4,.355,31.8,57.1,.556,17.3,23.7,.730,10.6,35.5,46.1,25.9,8.6,6.8,15.1,20.6,114.3,49,14,.778,—,114.3,106.9,7.75
2020,Denver Nuggets,65,242.3,41.8,88.9,.471,10.9,30.4,.358,31.0,58.5,.529,15.9,20.5,.775,10.8,33.5,44.3,26.5,8.1,4.6,13.7,20.0,110.4,43,22,.662,7.0,110.4,107.4,3.02
2020,San Antonio Spurs,63,242.8,42.0,89.5,.470,10.7,28.7,.371,31.4,60.8,.517,18.4,22.8,.809,8.8,35.6,44.4,24.5,7.2,5.5,12.3,19.2,113.2,27,36,.429,22.0,113.2,114.9,-1.19
2020,Philadelphia 76ers,65,241.2,40.8,87.7,.465,11.4,31.6,.362,29.4,56.1,.523,16.6,22.1,.752,10.4,35.1,45.5,25.9,8.2,5.4,14.2,20.6,109.6,39,26,.600,14.0,109.6,107.4,2.22
2020,Indiana Pacers,65,241.5,42.2,88.4,.477,10.0,27.5,.363,32.2,60.9,.529,15.1,19.1,.787,8.8,34.0,42.8,25.9,7.2,5.1,13.1,19.6,109.3,39,26,.600,14.0,109.3,107.4,1.61
2020,Utah Jazz,64,240.4,40.1,84.6,.475,13.2,34.4,.383,27.0,50.2,.537,17.6,22.8,.772,8.8,36.3,45.1,22.2,5.9,4.0,14.9,20.0,111.0,41,23,.641,8.5,111.0,107.9,3.20
2020,Oklahoma City Thunder,64,241.6,40.3,85.1,.473,10.4,29.3,.355,29.9,55.8,.536,19.8,24.8,.797,8.1,34.6,42.7,21.9,7.6,5.0,13.5,18.8,110.8,40,24,.625,9.5,110.8,108.3,2.79
2020,Brooklyn Nets,64,243.1,40.0,90.0,.444,12.9,37.9,.340,27.1,52.2,.519,18.0,24.1,.744,10.8,37.6,48.5,24.0,6.5,4.6,15.5,20.7,110.8,30,34,.469,22.5,110.8,111.4,-1.18
2020,Detroit Pistons,66,241.9,39.3,85.7,.459,12.0,32.7,.367,27.3,53.0,.515,16.6,22.4,.743,9.8,32.0,41.7,24.1,7.4,4.5,15.3,19.7,107.2,20,46,.303,33.5,107.2,110.8,-4.22
2020,New York Knicks,66,241.9,40.0,89.3,.447,9.6,28.4,.337,30.4,61.0,.499,16.3,23.5,.694,12.0,34.5,46.5,22.1,7.6,4.7,14.3,22.2,105.8,21,45,.318,32.5,105.8,112.3,-6.55
2020,Sacramento Kings,64,242.3,40.4,87.8,.459,12.6,34.7,.364,27.7,53.2,.522,15.6,20.3,.769,9.6,32.9,42.5,23.4,7.6,4.2,14.4,21.9,109.0,28,36,.438,21.5,109.0,110.9,-1.44
2020,Cleveland Cavaliers,65,241.9,40.3,87.9,.458,11.2,31.8,.351,29.1,56.1,.519,15.1,19.9,.758,10.8,33.4,44.2,23.1,6.9,3.2,16.5,18.3,106.9,19,46,.292,34.0,106.9,114.8,-7.57
2020,Chicago Bulls,65,241.2,39.6,88.6,.447,12.2,35.1,.348,27.4,53.5,.511,15.5,20.5,.755,10.5,31.4,41.9,23.2,10.0,4.1,15.5,21.8,106.8,22,43,.338,31.0,106.8,109.9,-3.81
2020,Orlando Magic,65,240.4,39.2,88.8,.442,10.9,32.0,.341,28.3,56.8,.498,17.0,22.1,.770,10.4,34.2,44.5,24.0,8.4,5.7,12.6,17.6,106.4,30,35,.462,23.0,106.4,107.3,-0.85
2020,Golden State Warriors,65,241.9,38.6,88.2,.438,10.4,31.3,.334,28.2,56.9,.495,18.7,23.2,.803,10.0,32.9,42.8,25.6,8.2,4.6,14.9,20.1,106.3,15,50,.231,35.0,106.3,115.0,-7.92
2020,Charlotte Hornets,65,242.3,37.3,85.9,.434,12.1,34.3,.352,25.2,51.6,.489,16.2,21.6,.748,11.0,31.8,42.8,23.8,6.6,4.1,14.6,18.8,102.9,23,42,.354,30.0,102.9,109.6,-6.88
